﻿{
   "CodeGenerationMode": 4,
   "ContextClassName": "HogWildContext",
   "ContextNamespace": null,
   "FilterSchemas": false,
   "IncludeConnectionString": true,
   "MinimumProductVersion": "2.6.0",
   "ModelNamespace": null,
   "OutputContextPath": "DAL",
   "OutputPath": "Entities",
   "PreserveCasingWithRegex": true,
   "ProjectRootNamespace": "ExampleMudSystem",
   "Schemas": null,
   "SelectedHandlebarsLanguage": 2,
   "SelectedToBeGenerated": 0,
   "T4TemplatePath": null,
   "Tables": [
      {
         "Name": "[dbo].[Category]",
         "ObjectType": 0
      },
      {
         "Name": "[dbo].[Customer]",
         "ObjectType": 0
      },
      {
         "Name": "[dbo].[Employee]",
         "ObjectType": 0
      },
      {
         "Name": "[dbo].[Invoice]",
         "ObjectType": 0
      },
      {
         "Name": "[dbo].[InvoiceLine]",
         "ObjectType": 0
      },
      {
         "Name": "[dbo].[Lookup]",
         "ObjectType": 0
      },
      {
         "Name": "[dbo].[Part]",
         "ObjectType": 0
      },
      {
         "Name": "[dbo].[UnitTest]",
         "ObjectType": 0
      },
      {
         "Name": "[dbo].[WorkingVersions]",
         "ObjectType": 0
      }
   ],
   "UiHint": null,
   "UncountableWords": null,
   "UseAsyncStoredProcedureCalls": true,
   "UseBoolPropertiesWithoutDefaultSql": false,
   "UseDatabaseNames": true,
   "UseDatabaseNamesForRoutines": true,
   "UseDateOnlyTimeOnly": false,
   "UseDbContextSplitting": false,
   "UseDecimalDataAnnotationForSprocResult": true,
   "UseFluentApiOnly": false,
   "UseHandleBars": false,
   "UseHierarchyId": false,
   "UseInflector": true,
   "UseInternalAccessModifiersForSprocsAndFunctions": false,
   "UseLegacyPluralizer": false,
   "UseManyToManyEntity": false,
   "UseNoDefaultConstructor": false,
   "UseNoNavigations": false,
   "UseNoObjectFilter": false,
   "UseNodaTime": false,
   "UseNullableReferences": false,
   "UsePrefixNavigationNaming": false,
   "UseSchemaFolders": false,
   "UseSchemaNamespaces": false,
   "UseSpatial": false,
   "UseT4": false,
   "UseT4Split": false
}